{"Open":3.0641025641,"Purchase":1.4615384615,"View":1.8846153846}