Weekday,Shop_1,Shop_2,Shop_3,Shop_4
mon,-4.857142857142858,-8.285714285714286,-3.8571428571428577,-2.0
tue,-7.857142857142858,-7.2857142857142865,-6.857142857142858,-5.0
wed,-8.857142857142858,-4.2857142857142865,-8.857142857142858,-7.0
thu,-3.8571428571428577,2.7142857142857135,-2.8571428571428577,-3.0
fri,3.1428571428571423,1.7142857142857135,2.1428571428571423,-1.0
sat,9.142857142857142,8.714285714285714,6.142857142857142,11.0
sun,13.142857142857142,6.7142857142857135,14.142857142857142,7.0
